{"openai-community/gpt2_abisee/cnn_dailymail": 20.09863805770874, "openai-community/gpt2-medium_abisee/cnn_dailymail": 25.04581880569458, "openai-community/gpt2-large_abisee/cnn_dailymail": 65.52495956420898, "openai-community/gpt2-xl_abisee/cnn_dailymail": 94.77315139770508, "google/flan-t5-small_abisee/cnn_dailymail": 0.9539520740509033, "google/flan-t5-base_abisee/cnn_dailymail": 2.2515087127685547, "google/flan-t5-large_abisee/cnn_dailymail": 7.40839147567749, "google/flan-t5-xl_abisee/cnn_dailymail": 23.790400743484497, "openai-community/gpt2_EdinburghNLP/xsum": 19.72684931755066, "openai-community/gpt2-medium_EdinburghNLP/xsum": 56.972023248672485, "openai-community/gpt2-large_EdinburghNLP/xsum": 117.248379945755, "openai-community/gpt2-xl_EdinburghNLP/xsum": 145.09268617630005, "google/flan-t5-small_EdinburghNLP/xsum": 1.0798537731170654, "google/flan-t5-base_EdinburghNLP/xsum": 3.122121810913086, "google/flan-t5-large_EdinburghNLP/xsum": 11.607270956039429, "google/flan-t5-xl_EdinburghNLP/xsum": 35.045889139175415}